<?xml version="1.0" encoding="UTF-8"?>

<beans xmlns="http://www.springframework.org/schema/beans"
	xmlns:xsi="http://www.w3.org/2001/XMLSchema-instance" xmlns:context="http://www.springframework.org/schema/context"
	xmlns:mvc="http://www.springframework.org/schema/mvc"
	xsi:schemaLocation="http://www.springframework.org/schema/beans
						http://www.springframework.org/schema/beans/spring-beans.xsd
						http://www.springframework.org/schema/context
						http://www.springframework.org/schema/context/spring-context.xsd
						http://www.springframework.org/schema/mvc
						http://www.springframework.org/schema/mvc/spring-mvc.xsd">
	
	
 
 	
<context:component-scan base-package="com.pack"/>

<!-- <mvc:resources mapping="/resources/*" location="/resources/"/> -->



<bean class="org.springframework.web.servlet.view.InternalResourceViewResolver" id="viewResolver">


<property name="prefix">

<value>/WEB-INF/pages/</value>

</property>


<property name="suffix">

<value>.jsp</value>

</property>

</bean>


<bean class="org.springframework.jdbc.datasource.DriverManagerDataSource" id="dataSource">

<property name="driverClassName" value="com.mysql.cj.jdbc.Driver"/>

<property name="url" value="jdbc:mysql://localhost:3306/sample"/>

<property name="username" value="Kavusalya"/>

<property name="password" value="root"/>

</bean>
 
<bean id="sessionFactory" class="org.springframework.orm.hibernate5.LocalSessionFactoryBean">

<property name="dataSource" ref="dataSource"/>

<property name="packagesToScan" value="com.pack.login"/>


<property name="hibernateProperties">
<value>org.hibernate.dialect.MySQLDialect</value>
</property>

 

</bean>
 <bean name="validate" class="com.pack.validate.Validate" />
  <!-- <bean name="userDAO" class="com.pack.dao.UserDao"/>  
  <bean name="userService" class="com.pack.service.UserService"/>  -->
 
</beans>